element,Z,N,A,binding_energy_MeV,binding_energy_per_nucleon_MeV
H,1,0,1,0.0,0.0
H,1,1,2,2.2245662000000004,1.1122831000000002
He,2,1,3,7.71804132,2.57268044
He,2,2,4,28.2956624,7.0739156
Li,3,3,6,31.9939872,5.3323312
Li,3,4,7,39.245080699999995,5.6064400999999995
Be,4,5,9,58.1640237,6.4626693
B,5,5,10,64.750835,6.475083499999999
B,5,6,11,76.2050553,6.9277323
C,6,6,12,92.1617352,7.680144599999999
C,6,7,13,97.10804350000001,7.4698495000000005
N,7,7,14,104.6586072,7.475614800000001
N,7,8,15,115.4919045,7.6994603
O,8,8,16,127.6193152,7.9762072
O,8,9,17,131.7623947,7.750729099999999
O,8,10,18,139.8077658,7.7670981
F,9,10,19,147.8013648,7.7790192
Ne,10,10,20,160.644824,8.0322412
Ne,10,11,21,167.4059856,7.9717136
Ne,10,12,22,177.7702432,8.0804656
Na,11,12,23,186.5643528,8.1114936
Mg,12,12,24,198.25704720000004,8.260710300000001
Mg,12,13,25,205.58757,8.2235028
Mg,12,14,26,216.68064859999998,8.3338711
Al,13,14,27,224.95193909999998,8.3315533
Si,14,14,28,236.53684600000003,8.4477445
Si,14,15,29,245.0104469,8.4486361
Si,14,16,30,255.61964700000001,8.5206549
P,15,16,31,262.9161987,8.4811677
S,16,16,32,271.7801632,8.4931301
S,16,17,33,280.4218032,8.4976304
S,16,18,34,291.83895240000004,8.5834986
Cl,17,18,35,298.209765,8.520279
S,16,20,36,308.71403999999995,8.575389999999999
Ar,18,18,36,306.7167456,8.5199096
Cl,17,20,37,317.1004192,8.5702816
Ar,18,20,38,327.34266660000003,8.6142807
K,19,20,39,333.7240062,8.5570258
Ar,18,22,40,343.8103760000001,8.595259400000002
Ca,20,20,40,342.052184,8.5513046
K,19,22,41,351.6189971,8.5760731
Ca,20,22,42,361.8957132,8.6165646
Ca,20,23,43,369.82860790000007,8.600665300000001
Ca,20,24,44,380.95978360000004,8.6581769
Sc,21,24,45,387.85234500000007,8.618941000000001
Ca,20,26,46,398.7733008,8.6689848
Ti,22,24,46,398.19726579999997,8.6564623
Ti,22,25,47,407.07792750000004,8.6612325
Ti,22,26,48,418.7045856,8.7230122
Ti,22,27,49,426.8469625,8.7111625
Ti,22,28,50,437.786135,8.7557227
V,23,28,51,445.8463452,8.7420852
Cr,24,28,52,456.35171920000005,8.7759946
Cr,24,29,53,464.29114590000006,8.7602103
Cr,24,30,54,474.01022879999994,8.777967199999999
Fe,26,28,54,471.7647684,8.7363846
Mn,25,30,55,482.07635849999997,8.7650247
Fe,26,30,56,492.25995279999995,8.7903563
Fe,26,31,57,499.9061253,8.7702829
Fe,26,32,58,509.9506972,8.7922534
Ni,28,30,58,506.4596017999999,8.732062099999998
Co,27,32,59,517.3142361,8.7680379
Ni,28,32,60,526.846614,8.780776900000001
Ni,28,33,61,534.6667141,8.7650281
Ni,28,34,62,545.262441,8.7945555
Cu,29,34,63,551.3848452,8.7521404
Ni,28,36,64,561.7576768,8.7774637
Zn,30,34,64,559.0979648,8.7359057
Cu,29,36,65,569.2112855,8.7570967
Zn,30,36,66,578.135811,8.7596335
Zn,30,37,67,585.1882777999999,8.734153399999999
Zn,30,38,68,595.386376,8.755682
Ga,31,38,69,601.9960061999999,8.724579799999999
Ge,32,38,70,610.519196,8.7217028
Ga,31,40,71,618.9499549999999,8.717604999999999
Ge,32,40,72,628.6857047999999,8.7317459
Ge,32,41,73,635.46865,8.70505
Ge,32,42,74,645.6648814,8.7252011
Se,34,40,74,642.890947,8.6877155
As,33,42,75,652.56561,8.7008748
Ge,32,44,76,661.5979664,8.7052364
Se,34,42,76,662.0723356000001,8.7114781
Se,34,43,77,669.4911916,8.6946908
Se,34,44,78,679.9889615999999,8.7178072
Kr,36,42,78,675.576603,8.6612385
Br,35,44,79,686.3200524,8.6875956
Se,34,46,80,696.8651360000001,8.710814200000002
Kr,36,44,80,695.434408,8.6929301
Br,35,46,81,704.3716665,8.6959465
Kr,36,46,82,714.2753828,8.7106754
Kr,36,47,83,721.7455484999999,8.695729499999999
Kr,36,48,84,732.2655732,8.7174473
Sr,38,46,84,728.9111088,8.6775132
Rb,37,48,85,739.2825359999999,8.6974416
Kr,36,50,86,749.234537,8.7120295
Sr,38,48,86,748.9272675999999,8.7084566
Sr,38,49,87,757.3555581,8.705236300000001
Sr,38,50,88,768.4684303999999,8.732595799999999
Y,39,50,89,775.5469790000001,8.714011000000001
Zr,40,50,90,783.8972910000001,8.7099699
Zr,40,51,91,791.0916558999999,8.693314899999999
Zr,40,52,92,799.7264035999999,8.692678299999999
Mo,42,50,92,796.5112704000001,8.6577312
Nb,41,52,93,805.7691957000001,8.6641849
Zr,40,54,94,814.6793504000001,8.666801600000001
Mo,42,52,94,814.2594054000001,8.6623341
Mo,42,53,95,821.6285140000001,8.6487212
Mo,42,54,96,830.7828480000001,8.653988
Ru,44,52,96,826.503648,8.609413
Mo,42,55,97,837.6039822,8.6350926
Mo,42,56,98,846.2465717999999,8.635169099999999
Ru,44,54,98,844.7907720000001,8.620314
Ru,44,55,99,852.2626068000001,8.6087132
Ru,44,56,100,861.9359299999999,8.6193593
Ru,44,57,101,868.737966,8.601366
Ru,44,58,102,877.9576050000001,8.6074275
Pd,46,56,102,875.1894473999998,8.580288699999999
Rh,45,58,103,884.1718480999999,8.5841927
Ru,44,60,104,893.0895792,8.5873998
Pd,46,58,104,892.8242439999999,8.5848485
Pd,46,59,105,899.9183445,8.5706509
Pd,46,60,106,909.4793003999999,8.5799934
Cd,48,58,106,905.1392151999999,8.5390492
Ag,47,60,107,915.2674284000001,8.5539012
Pd,46,62,108,925.2386028000001,8.567024100000001
Cd,48,60,108,923.4021167999999,8.550019599999999
Ag,47,62,109,931.7227894999999,8.547915499999998
Pd,46,64,110,940.1879300000002,8.547163000000001
Cd,48,62,110,940.6403049999999,8.5512755
Cd,48,63,111,947.6158910999999,8.537080099999999
Cd,48,64,112,957.0098272000001,8.544730600000001
Sn,50,62,112,953.5253167999999,8.513618899999999
In,49,64,113,963.0910561000001,8.5229297
Cd,48,66,114,972.5925389999999,8.531513499999999
Sn,50,64,114,971.5726493999999,8.5225671
Sn,50,65,115,979.1180730000001,8.5140702
Sn,50,66,116,988.6815256,8.5231166
Sn,50,67,117,995.6246039999999,8.509611999999999
Sn,50,68,118,1004.9510238000001,8.516534100000001
Sn,50,69,119,1011.4344785999999,8.4994494
Sn,50,70,120,1020.5385599999998,8.504487999999998
Te,52,68,120,1017.2382839999998,8.476985699999998
Sb,51,70,121,1026.3289454,8.4820574
Sn,50,72,122,1035.5234096,8.4878968
Te,52,70,122,1034.3320429999999,8.4781315
Sb,51,72,123,1042.0953108,8.4723196
Sn,50,74,124,1049.9575628,8.4673997
Te,52,72,124,1050.685542,8.4732705
Te,52,73,125,1057.2545125,8.4580361
Te,52,74,126,1066.3682022,8.4632397
Xe,54,72,126,1063.8857249999999,8.4435375
I,53,74,127,1072.576214,8.445482
Xe,54,74,128,1080.7425024000001,8.443300800000001
Xe,54,75,129,1087.6493616,8.4313904
Xe,54,76,130,1096.905082,8.4377314
Ba,56,74,130,1092.7166900000002,8.405513000000001
Xe,54,77,131,1103.5095076999999,8.4237367
Xe,54,78,132,1112.4462228000002,8.427622900000001
Cs,55,78,133,1118.5271538000002,8.4099786
Ba,56,78,134,1126.6951954,8.4081731
Ba,56,79,135,1133.6671574999998,8.397534499999999
Ba,56,80,136,1142.7748976,8.4027566
Ce,58,78,136,1138.8316864,8.3737624
Ba,56,81,137,1149.6805456,8.391828799999999
Ba,56,82,138,1158.2922636000003,8.393422200000002
La,57,82,139,1164.5418193,8.377998700000001
Ce,58,82,140,1172.68263,8.3763045
Pr,59,82,141,1177.9119131999998,8.353985199999999
Nd,60,82,142,1185.136402,8.346031
Nd,60,83,143,1191.2599699,8.3304893
Sm,62,82,144,1195.72992,8.30368
Nd,60,85,145,1204.8323035,8.3091883
Nd,60,86,146,1212.3975342,8.3040927
Nd,60,88,148,1225.0223144,8.277177799999999
Sm,62,87,149,1231.2567767000003,8.263468300000001
Sm,62,88,150,1239.2435249999999,8.261623499999999
Sm,62,90,152,1253.097804,8.2440645
Eu,63,90,153,1258.9912683,8.2287011
Sm,62,92,154,1266.9330366,8.2268379
Gd,64,90,154,1266.6191384,8.2247996
Gd,64,91,155,1273.0543855,8.2132541
Gd,64,92,156,1281.5907468,8.2153253
Dy,66,90,156,1278.0201096,8.1924366
Gd,64,93,157,1287.9506304000001,8.2035072
Gd,64,94,158,1295.8880182,8.2018229
Dy,66,92,158,1294.0405084,8.1901298
Tb,65,94,159,1302.0195975,8.1888025
Gd,64,96,160,1309.282736,8.1830171
Dy,66,94,160,1309.448416,8.1840526
Dy,66,95,161,1315.9027973,8.1733093
Dy,66,96,162,1324.0997909999999,8.1734555
Er,68,94,162,1320.6881358,8.1523959
Dy,66,97,163,1330.370792,8.161783999999999
Dy,66,98,164,1338.0289156000001,8.158712900000001
Er,68,96,164,1336.4391324,8.1490191
Ho,67,98,165,1344.2482515,8.1469591
Er,68,98,166,1351.5633513999999,8.1419479
Er,68,99,167,1357.9997784,8.1317352
Er,68,100,168,1365.7710696000001,8.1295897
Yb,70,98,168,1362.797016,8.111887
Tm,69,100,169,1371.3454637999998,8.1144702
Er,68,102,170,1379.031993,8.1119529
Yb,70,100,170,1378.123717,8.1066101
Yb,70,101,171,1384.7379246,8.0978826
Yb,70,102,172,1392.7578740000001,8.0974295
Yb,70,103,173,1399.1249748,8.0874276
Yb,70,104,174,1406.5895694,8.0838481
Lu,71,104,175,1412.0997100000002,8.0691412
Yb,70,106,176,1419.2790128000001,8.0640853
Hf,72,104,176,1418.7994304,8.0613604
Hf,72,105,177,1425.1750605,8.0518365
Hf,72,106,178,1432.8009964,8.0494438
Hf,72,107,179,1438.8999846000002,8.0385474
Hf,72,108,180,1446.287742,8.0349319
Ta,73,108,181,1452.2363050000001,8.023405
W,74,108,182,1459.3323472,8.0183096
W,74,110,184,1472.9342967999999,8.0050777
Re,75,110,185,1478.3368685,7.9910101000000004
W,74,112,186,1485.8800836,7.9886026
Os,76,111,187,1491.0971218,7.9737814
Os,76,112,188,1499.0867328,7.9738656
Os,76,113,189,1505.0075481000001,7.9630029
Os,76,114,190,1512.799893,7.9621047
Ir,77,114,191,1518.0898504000002,7.948114400000001
Os,76,116,192,1526.116992,7.948526
Pt,78,114,192,1524.9585216,7.9424923
Ir,77,116,193,1532.0599778,7.938134600000001
Pt,78,116,194,1539.572748,7.935942
Pt,78,117,195,1545.677835,7.926553
Pt,78,118,196,1553.5998212,7.9265297
Hg,80,116,196,1551.21652,7.91437
Au,79,118,197,1559.3839956000002,7.9156548
Pt,78,120,198,1567.0019376,7.9141512
Hg,80,118,198,1566.4875336,7.9115532
Hg,80,119,199,1573.1506006000002,7.9052794
Hg,80,120,200,1581.17912,7.9058956
Hg,80,121,201,1587.4097007,7.8975607
Hg,80,122,202,1595.163801,7.896850499999999
Tl,81,122,203,1600.868759,7.8860529999999995
Hg,80,124,204,1608.651282,7.8855455
Tl,81,124,205,1615.070893,7.8783946
Pb,82,124,206,1622.324572,7.875362
Pb,82,125,207,1629.0623448000001,7.8698664
Pb,82,126,208,1636.430224,7.867453
